<?xml version="1.0" encoding="utf-8" ?>
<dwsync>
<file name="metcolumn12.gif" server="E:/XAMPP/apache" local="129755662880000000" remote="129755662880000000" Dst="0" />
<file name="metcolumn12_t.gif" server="E:/XAMPP/apache" local="130332741760000000" remote="130332741760000000" Dst="0" />
<file name="langbg.gif" server="E:/XAMPP/apache" local="129450938800000000" remote="129450938800000000" Dst="0" />
<file name="job_ico.gif" server="E:/XAMPP/apache" local="129163275000000000" remote="129163275000000000" Dst="0" />
<file name="metcolumn13.gif" server="E:/XAMPP/apache" local="129838725800000000" remote="129838725800000000" Dst="0" />
<file name="greencheck.png" server="E:/XAMPP/apache" local="128544284820000000" remote="128544284820000000" Dst="0" />
<file name="bnt.png" server="E:/XAMPP/apache" local="130244103580000000" remote="130244103580000000" Dst="0" />
<file name="bnt_public.png" server="E:/XAMPP/apache" local="130244112160000000" remote="130244112160000000" Dst="0" />
<file name="bnt_other.png" server="E:/XAMPP/apache" local="130244128820000000" remote="130244128820000000" Dst="0" />
<file name="logoen.gif" server="E:/XAMPP/apache" local="130399404000000000" remote="130399404000000000" Dst="0" />
<file name="logo4.png" server="E:/XAMPP/apache" local="131118138840987026" remote="131118138840000000" Dst="0" />
<file name="ok_0.gif" server="E:/XAMPP/apache" local="130204028940000000" remote="130204028940000000" Dst="0" />
<file name="ok_1.gif" server="E:/XAMPP/apache" local="130204028880000000" remote="130204028880000000" Dst="0" />
</dwsync>