<?xml version="1.0" encoding="utf-8" ?>
<dwsync>
<file name="n3.png" server="E:/XAMPP/apache" local="129898317720000000" remote="129898317720000000" Dst="0" />
<file name="n4.png" server="E:/XAMPP/apache" local="129898318020000000" remote="129898318020000000" Dst="0" />
<file name="n5.png" server="E:/XAMPP/apache" local="129898318380000000" remote="129898318380000000" Dst="0" />
<file name="n6.png" server="E:/XAMPP/apache" local="129898318640000000" remote="129898318640000000" Dst="0" />
<file name="n1.png" server="E:/XAMPP/apache" local="129898316640000000" remote="129898316640000000" Dst="0" />
<file name="n7.png" server="E:/XAMPP/apache" local="129898319120000000" remote="129898319120000000" Dst="0" />
<file name="lnav.png" server="E:/XAMPP/apache" local="130332741760000000" remote="130332741760000000" Dst="0" />
<file name="lang.png" server="E:/XAMPP/apache" local="130332741760000000" remote="130332741760000000" Dst="0" />
</dwsync>