<?xml version="1.0" encoding="utf-8" ?>
<dwsync>
<file name="asyncbox_bg.png" server="E:/XAMPP/apache" local="129499195640000000" remote="129499195640000000" Dst="0" />
<file name="asyncbox_title_bottom.png" server="E:/XAMPP/apache" local="129464782760000000" remote="129464782760000000" Dst="0" />
<file name="asynctips_bg.gif" server="E:/XAMPP/apache" local="129484394600000000" remote="129484394600000000" Dst="0" />
<file name="wait_bg.gif" server="E:/XAMPP/apache" local="129463113220000000" remote="129463113220000000" Dst="0" />
<file name="wait.gif" server="E:/XAMPP/apache" local="128529991400000000" remote="128529991400000000" Dst="0" />
<file name="asyncbox_tipsbar_bg.gif" server="E:/XAMPP/apache" local="129462060020000000" remote="129462060020000000" Dst="0" />
<file name="asyncbox_tipsbar_icon.gif" server="E:/XAMPP/apache" local="129017960760000000" remote="129017960760000000" Dst="0" />
<file name="icon.gif" server="E:/XAMPP/apache" local="129017960760000000" remote="129017960760000000" Dst="0" />
</dwsync>